Age,BMI,Fasting_Glucose,Family_History,Previous_GDM
-0.5100577026539663,-0.5057766077843919,-0.2232615397767273,0,0
0.7632402719178203,1.5008239080181216,0.8951498376501655,1,0
-0.6373875001111451,0.04848328370060086,-0.03685964353891183,0,0
1.3998892592037135,-1.5788498721240773,1.4010978417242361,0,0
-0.0007385128252517246,0.6789669113531094,-1.1020133363264288,0,0
-0.12806831028243038,-0.17697074036999114,0.38920183357609495,1,1
-0.7647172975683237,-0.3622843368677311,-1.3416729172036201,1,1
-0.12806831028243038,-0.2870029691754271,-0.1167461704979756,1,0
-1.5286960823113958,-1.1040168215048576,0.38920183357609495,0,0
-0.38272790519678773,-0.4981589794892307,-0.4362922783342307,0,0
0.6359104744606416,-0.7700137712056488,1.028294049248605,1,0
-1.5286960823113958,-1.466550517402507,-1.3949306018429959,0,1
-0.8920470950255024,-0.4181497880867319,-0.48954996297360653,1,1
-0.7647172975683237,-1.2601564854364706,-0.329776909055479,1,0
-0.0007385128252517246,0.741742661784263,-0.2232615397767273,0,0
1.1452296642893562,1.2311583113179045,-1.661219025039875,1,1
-0.7647172975683237,-0.18614609819821706,-1.2617863902445563,1,0
-0.0007385128252517246,-1.469735466156335,-0.4362922783342307,0,0
-1.6560258797685743,0.8551199872403124,-1.0753844940067407,0,1
1.6545488541180708,0.0817333433588363,0.8685209953304776,0,1
0.7632402719178203,-1.7081242821369256,0.20279993733827947,0,0
0.3812508795462843,-0.7053410046929466,0.2560576219776553,0,0
-1.019376892482681,0.6989597434154964,-1.5014459711217476,1,1
1.1452296642893562,1.5235531620475908,-0.010230801219223908,0,0
-1.6560258797685743,0.27696556307085557,1.2679536301257963,1,0
-1.1467066899398597,-1.1409184353216053,1.6673862649211153,1,0
-0.5100577026539663,-1.202543056267494,-1.022126809367365,1,0
-1.401366284854217,-1.49306558173758,-1.368301759523308,0,0
-1.2740364873970385,-1.0769731138261696,0.5223460451745345,0,1
-1.401366284854217,0.5006276530266636,-0.5428076476129824,0,1
-0.7647172975683237,1.143356825280282,0.5756037298139104,0,0
-0.6373875001111451,0.8616120732282159,-0.4362922783342307,1,0
-0.12806831028243038,-0.14080317272788054,1.2146959454864206,0,1
1.272559461746535,1.1751726126713866,1.1081805762076689,0,0
1.1452296642893562,0.04485865336372236,-0.3031480667357911,0,0
-0.255398107739609,-1.373594439595608,0.9484075222895414,0,0
0.7632402719178203,0.18716988522408315,-1.4481882864823719,1,0
0.3812508795462843,1.4845980943459747,0.12291341037921572,1,1
0.12659128463192693,1.729526440061823,-0.9954979670476771,1,1
1.0178998668321775,0.4286310673221257,0.735376783732038,0,0
1.272559461746535,0.1725695753870766,-0.6226941745720461,0,0
-1.5286960823113958,-0.16575928608695198,-0.3031480667357911,0,0
1.0178998668321775,0.005058306119454262,-1.1020133363264288,1,0
-0.7647172975683237,1.4396610856097531,-0.4629211206539186,1,0
-1.6560258797685743,-1.641497254268084,-0.3031480667357911,0,0
1.6545488541180708,-0.05009031590480725,0.49571720285484666,1,0
-1.2740364873970385,0.8239087951658275,-0.9954979670476771,1,1
-0.6373875001111451,0.9426331417307261,1.2413247878061084,0,0
-0.7647172975683237,-1.0591138979701757,0.735376783732038,0,0
-1.401366284854217,0.8785753512215132,-1.022126809367365,0,0
-0.12806831028243038,-0.9650785869554763,1.1880671031667327,0,0
0.12659128463192693,-0.6786786365490232,0.043026883420151936,1,0
0.2539210820891056,0.048686560842171905,1.1348094185273567,1,0
-1.401366284854217,0.9944879282554271,-1.3416729172036201,1,1
-1.6560258797685743,1.0420538120128082,0.8685209953304776,1,0
-0.6373875001111451,-0.08858004225314972,0.46908836053515873,1,0
-0.6373875001111451,-1.7173390670069253,-0.3830345936948548,1,1
0.7632402719178203,0.9397612847820906,0.8951498376501655,1,0
0.6359104744606416,0.9830648013832404,0.5489748874942225,0,0
-1.2740364873970385,-0.2235369014892477,-0.5694364899326703,0,1
0.8905700693749989,0.6536705282944544,-1.368301759523308,0,0
0.6359104744606416,1.2345211772804947,0.38920183357609495,0,0
-0.12806831028243038,-0.5446723329276153,-1.4748171288020597,1,0
-0.38272790519678773,1.5105811650488612,-1.2085287056051806,1,1
-1.019376892482681,1.3167936961325268,-1.4215594441626838,0,1
1.1452296642893562,-1.6947270162661816,1.2945824724454844,1,0
1.272559461746535,-0.05627277557678017,1.427726684043924,0,1
1.1452296642893562,1.0866888544899667,0.2560576219776553,1,0
-0.0007385128252517246,-0.24698234716442966,-0.9422402824083013,1,0
-0.38272790519678773,-0.13239121357897513,0.7886344683714138,0,0
-1.401366284854217,0.900072773736847,-1.6878478673595632,0,0
-0.5100577026539663,-1.2363661194256141,0.09628456805952779,1,0
-0.8920470950255024,1.40087178696738,-0.2232615397767273,0,0
-1.401366284854217,1.3385922500964416,-0.7292095438507978,0,0
1.0178998668321775,0.12258740133465552,-0.70258070153111,0,0
-0.7647172975683237,1.2793538157692848,-1.1552710209658046,0,0
1.6545488541180708,-1.004312509763947,-0.24989038209641523,0,0
0.7632402719178203,-0.6399827577761238,0.9750363646092293,0,1
-1.019376892482681,0.1625590598960397,-1.3416729172036201,1,1
1.1452296642893562,-1.6140457866442341,-0.329776909055479,1,1
-1.2740364873970385,0.7562003610569843,-0.4362922783342307,1,0
-0.5100577026539663,0.7802127109078263,-0.4629211206539186,0,0
0.12659128463192693,0.2925383071851825,-0.6493230168917341,1,0
1.272559461746535,-1.5470085780376401,-0.5428076476129824,1,0
0.7632402719178203,-1.300107740850917,0.362572991256407,0,0
1.6545488541180708,-1.035349076528852,0.70874794141235,1,0
-0.12806831028243038,-1.718652695745535,0.6288614144532862,0,0
0.3812508795462843,0.42848745782582714,-0.9422402824083013,0,0
0.7632402719178203,0.5137334737753724,0.2294287796579674,0,0
0.3812508795462843,1.041867377843414,1.5342420533226757,0,0
0.8905700693749989,-1.4499119222975692,-0.09011732817828767,0,0
-0.5100577026539663,-0.4463783853653451,1.2413247878061084,1,0
-0.8920470950255024,-0.5798728791467642,1.4010978417242361,1,0
-0.38272790519678773,-0.3579792712857362,-1.4215594441626838,0,1
0.6359104744606416,1.5577484465269247,-1.5014459711217476,0,0
-0.38272790519678773,-0.21832925585680232,0.49571720285484666,1,0
0.8905700693749989,1.5051022580865807,-0.14337501281766352,0,0
0.12659128463192693,0.9871969775564702,0.016398041100464014,0,0
-0.7647172975683237,-0.29540614782239416,0.20279993733827947,0,0
1.0178998668321775,0.05808826277761035,-1.6878478673595632,1,0
